{
  "total_count": 10,
  "json_valid_count": 10,
  "invalid_count": 0,
  "json_valid_rate": 1.0,
  "primary_accuracy": 0.8,
  "primary_macro_f1": 0.6023809523809524,
  "primary_weighted_f1": 0.7983333333333333,
  "secondary_micro_f1": 0.3333333333333333,
  "secondary_macro_f1": 0.21428571428571427
}