{
  "total_count": 304,
  "json_valid_count": 304,
  "invalid_count": 0,
  "json_valid_rate": 1.0,
  "primary_accuracy": 0.7894736842105263,
  "primary_macro_f1": 0.7853915348089203,
  "primary_weighted_f1": 0.7891975620945952,
  "secondary_micro_f1": 0.48148148148148145,
  "secondary_macro_f1": 0.4430848430848431
}